<?xml version="1.0" ?>
<LOG_ROOT>
	<PROJECT NAME="DigitalClock_v3">
		<CBX_INST_ENTRY INSTANCE_NAME="|DigitalClock_v3|WT_sep:HOUR_SEP|lpm_divide:Mod0" CBX_FILE_NAME="lpm_divide_25m.tdf"/>
		<CBX_INST_ENTRY INSTANCE_NAME="|DigitalClock_v3|WT_sep:MIN_SEP|lpm_divide:Mod0" CBX_FILE_NAME="lpm_divide_25m.tdf"/>
		<CBX_INST_ENTRY INSTANCE_NAME="|DigitalClock_v3|lpm_divide:Mod1" CBX_FILE_NAME="lpm_divide_45m.tdf"/>
		<CBX_INST_ENTRY INSTANCE_NAME="|DigitalClock_v3|WT_sep:HOUR_SEP|lpm_divide:Div0" CBX_FILE_NAME="lpm_divide_vcm.tdf"/>
		<CBX_INST_ENTRY INSTANCE_NAME="|DigitalClock_v3|WT_sep:MIN_SEP|lpm_divide:Div0" CBX_FILE_NAME="lpm_divide_vcm.tdf"/>
		<CBX_INST_ENTRY INSTANCE_NAME="|DigitalClock_v3|lpm_divide:Mod0" CBX_FILE_NAME="lpm_divide_55m.tdf"/>
	</PROJECT>
</LOG_ROOT>
