<?xml version="1.0" ?>
<LOG_ROOT>
	<PROJECT NAME="p1_DigitClock">
		<CBX_INST_ENTRY INSTANCE_NAME="|p1_DigitClock|StopWatch:U3|lpm_divide:Mod1" CBX_FILE_NAME="lpm_divide_55m.tdf"/>
		<CBX_INST_ENTRY INSTANCE_NAME="|p1_DigitClock|WT_sep:r_MIN_SEP|lpm_divide:Mod0" CBX_FILE_NAME="lpm_divide_35m.tdf"/>
		<CBX_INST_ENTRY INSTANCE_NAME="|p1_DigitClock|WT_sep:w_MIN_SEP|lpm_divide:Div0" CBX_FILE_NAME="lpm_divide_0dm.tdf"/>
		<CBX_INST_ENTRY INSTANCE_NAME="|p1_DigitClock|lpm_divide:Mod4" CBX_FILE_NAME="lpm_divide_45m.tdf"/>
		<CBX_INST_ENTRY INSTANCE_NAME="|p1_DigitClock|StopWatch:U3|lpm_divide:Mod2" CBX_FILE_NAME="lpm_divide_55m.tdf"/>
		<CBX_INST_ENTRY INSTANCE_NAME="|p1_DigitClock|WT_sep:HOUR_SEP|lpm_divide:Mod0" CBX_FILE_NAME="lpm_divide_35m.tdf"/>
		<CBX_INST_ENTRY INSTANCE_NAME="|p1_DigitClock|WT_sep:SEC_SEP|lpm_divide:Div0" CBX_FILE_NAME="lpm_divide_0dm.tdf"/>
		<CBX_INST_ENTRY INSTANCE_NAME="|p1_DigitClock|lpm_divide:Mod5" CBX_FILE_NAME="lpm_divide_45m.tdf"/>
		<CBX_INST_ENTRY INSTANCE_NAME="|p1_DigitClock|WT_sep:MIN_SEP|lpm_divide:Div0" CBX_FILE_NAME="lpm_divide_0dm.tdf"/>
		<CBX_INST_ENTRY INSTANCE_NAME="|p1_DigitClock|WT_sep:r_HOUR_SEP|lpm_divide:Mod0" CBX_FILE_NAME="lpm_divide_35m.tdf"/>
		<CBX_INST_ENTRY INSTANCE_NAME="|p1_DigitClock|WT_sep:r_SEC_SEP|lpm_divide:Div0" CBX_FILE_NAME="lpm_divide_0dm.tdf"/>
		<CBX_INST_ENTRY INSTANCE_NAME="|p1_DigitClock|WT_sep:w_HOUR_SEP|lpm_divide:Div0" CBX_FILE_NAME="lpm_divide_0dm.tdf"/>
		<CBX_INST_ENTRY INSTANCE_NAME="|p1_DigitClock|StopWatch:U3|lpm_divide:Mod0" CBX_FILE_NAME="lpm_divide_75m.tdf"/>
		<CBX_INST_ENTRY INSTANCE_NAME="|p1_DigitClock|WT_sep:MIN_SEP|lpm_divide:Mod0" CBX_FILE_NAME="lpm_divide_35m.tdf"/>
		<CBX_INST_ENTRY INSTANCE_NAME="|p1_DigitClock|WT_sep:r_MIN_SEP|lpm_divide:Div0" CBX_FILE_NAME="lpm_divide_0dm.tdf"/>
		<CBX_INST_ENTRY INSTANCE_NAME="|p1_DigitClock|WT_sep:r_SEC_SEP|lpm_divide:Mod0" CBX_FILE_NAME="lpm_divide_35m.tdf"/>
		<CBX_INST_ENTRY INSTANCE_NAME="|p1_DigitClock|WT_sep:w_HOUR_SEP|lpm_divide:Mod0" CBX_FILE_NAME="lpm_divide_35m.tdf"/>
		<CBX_INST_ENTRY INSTANCE_NAME="|p1_DigitClock|WT_sep:w_SEC_SEP|lpm_divide:Div0" CBX_FILE_NAME="lpm_divide_0dm.tdf"/>
		<CBX_INST_ENTRY INSTANCE_NAME="|p1_DigitClock|lpm_divide:Mod3" CBX_FILE_NAME="lpm_divide_55m.tdf"/>
		<CBX_INST_ENTRY INSTANCE_NAME="|p1_DigitClock|WT_sep:HOUR_SEP|lpm_divide:Div0" CBX_FILE_NAME="lpm_divide_0dm.tdf"/>
		<CBX_INST_ENTRY INSTANCE_NAME="|p1_DigitClock|WT_sep:w_SEC_SEP|lpm_divide:Mod0" CBX_FILE_NAME="lpm_divide_35m.tdf"/>
		<CBX_INST_ENTRY INSTANCE_NAME="|p1_DigitClock|lpm_divide:Mod0" CBX_FILE_NAME="lpm_divide_55m.tdf"/>
		<CBX_INST_ENTRY INSTANCE_NAME="|p1_DigitClock|WT_sep:r_HOUR_SEP|lpm_divide:Div0" CBX_FILE_NAME="lpm_divide_0dm.tdf"/>
		<CBX_INST_ENTRY INSTANCE_NAME="|p1_DigitClock|WT_sep:w_MIN_SEP|lpm_divide:Mod0" CBX_FILE_NAME="lpm_divide_35m.tdf"/>
		<CBX_INST_ENTRY INSTANCE_NAME="|p1_DigitClock|lpm_divide:Mod1" CBX_FILE_NAME="lpm_divide_55m.tdf"/>
		<CBX_INST_ENTRY INSTANCE_NAME="|p1_DigitClock|WT_sep:SEC_SEP|lpm_divide:Mod0" CBX_FILE_NAME="lpm_divide_35m.tdf"/>
		<CBX_INST_ENTRY INSTANCE_NAME="|p1_DigitClock|lpm_divide:Mod2" CBX_FILE_NAME="lpm_divide_55m.tdf"/>
	</PROJECT>
</LOG_ROOT>
